id,capacity,x,y
336,280,401500.9363114064,6191820.4583317870
337,280,401512.2868547169,6191554.8948400784
